-1691,6232,-6353,236,45,-30,3801,1007,-485
-1660,6128,-6353,229,42,-26,3801,1007,-485
-1712,6142,-6388,227,38,-28,3801,1007,-485
-1791,6183,-6443,230,30,-29,3801,1007,-485
-1857,6230,-6570,232,27,-31,3801,1007,-485
-1919,6398,-6595,233,22,-31,3554,906,-688
-1998,6511,-6708,232,17,-32,3554,906,-688
-2025,6574,-6763,227,14,-31,3554,906,-688
-1988,6525,-6789,220,10,-25,3554,906,-688
-1933,6416,-6791,217,3,-25,3301,435,-777
-1871,6283,-6857,214,-1,-26,3301,-128,-487
-1880,6220,-6882,205,-3,-27,3301,-128,-487
-1876,6082,-6958,192,0,-28,3301,-128,-487
-1945,5958,-7115,181,0,-28,2794,288,-847
-2025,5962,-7226,160,1,-31,2794,288,-847
-2085,5849,-7140,164,-12,-32,2794,288,-847
-2175,5828,-7177,179,-18,-31,2794,288,-847
-2148,5746,-7205,188,-26,-29,2794,288,-847
-2066,5824,-7279,196,-38,-26,2794,288,-847
-1994,5925,-7292,202,-37,-24,2794,288,-847
-1957,5869,-7134,217,-34,-26,2794,288,-847
-1921,5757,-6933,236,-30,-26,2794,288,-847
-1900,5710,-7091,241,-25,-29,3807,-722,-717
-1863,5630,-6962,248,-16,-31,3807,-518,-910
-1814,5533,-7019,250,-13,-34,4061,-461,-1259
-1722,5455,-7076,256,-13,-35,4061,-461,-1259
-1699,5376,-7099,267,-14,-36,4061,-461,-1259
-1701,5314,-7015,281,-11,-33,4061,-461,-1259
-1658,5304,-7023,293,-6,-33,4061,-461,-1259
-1628,5246,-7000,308,-2,-28,4061,-461,-1259
-1701,5171,-7068,319,1,-26,4061,-461,-1259
-1765,5089,-6974,332,2,-24,5328,145,-807
-1828,5103,-7126,333,1,-25,5328,145,-807
-1863,5095,-7351,325,0,-20,5074,-77,-456
-1841,5111,-7453,324,-6,-17,5074,-101,-613
-1818,5035,-7500,334,-14,-18,5328,-275,-840
-1781,4990,-7476,342,-18,-18,5328,-500,-523
-1744,4966,-7441,357,-15,-19,5328,-500,-523
-1617,5005,-7238,371,-6,-21,5328,-500,-523
-1568,4992,-7242,385,7,-19,6088,305,-651
-1482,4949,-7097,400,21,-20,6341,757,-700
-1468,4826,-6910,423,34,-19,6341,757,-700
-1439,4675,-6738,447,42,-19,6341,757,-700
-1605,4531,-6675,474,38,-18,7608,1107,-673
-1787,4466,-6617,485,28,-15,7862,513,-76
-2031,4576,-6775,479,14,-15,7608,321,-42
-2099,4761,-7111,457,-4,-9,7608,321,-42
-2080,4957,-7464,428,-24,-11,6848,-733,-259
-2021,5181,-7757,404,-38,-10,6848,-733,-259
-1904,5345,-7970,391,-42,-11,6341,-1381,-306
-1802,5410,-8048,393,-34,-12,6341,-1324,-85
-1718,5435,-7976,411,-22,-19,6341,-1324,-85
-1664,5269,-7859,441,-12,-23,7102,-356,-790
-1650,5072,-7572,487,-5,-28,7862,-364,-581
-1759,4783,-7435,529,-7,-33,7862,-364,-581
-1949,4519,-7242,570,-26,-36,9129,-698,-1174
-2171,4271,-7140,577,-36,-36,9129,-948,-1010
-2544,4291,-7291,575,-21,-29,9129,-948,-1010
-2638,4460,-7832,544,-18,-26,8622,-553,-523
-2677,4707,-8371,483,-19,-26,8622,-553,-523
-2564,4638,-8605,478,-22,-38,7608,-649,-1065
-2242,4417,-8845,513,-58,-53,7608,-649,-1065
-2017,4455,-8685,501,-79,-67,7608,-649,-1065
-1894,4857,-8355,456,-71,-70,7608,-649,-1065
-1746,4779,-8273,500,-60,-78,8115,-1864,-2132
-1746,4966,-8541,489,-19,-80,7862,-788,-2287
-1794,5013,-9193,463,30,-72,7355,785,-1772
-1800,4572,-9027,512,51,-70,7355,785,-1772
-2013,3919,-8703,580,64,-70,9382,1951,-2130
-2234,3396,-8447,622,67,-71,9889,2274,-2041
-2494,3279,-8324,622,59,-72,9889,2274,-2041
-2642,3253,-8476,600,53,-69,9636,1629,-1999
-2568,3273,-8560,587,51,-66,9636,1629,-1999
-2484,3419,-8783,569,53,-58,9636,1629,-1999
-2175,3617,-9103,545,67,-54,8622,2302,-1612
-1898,3960,-9435,519,85,-57,8369,2469,-1533
-1597,4197,-9720,506,100,-60,8369,2469,-1533
-1367,4240,-9816,500,104,-68,8115,2848,-1885
-1246,4125,-9718,506,92,-72,8115,2545,-1767
-1146,3933,-9333,522,71,-74,8369,2076,-1922
-1019,3667,-8933,536,48,-76,8622,1557,-2145
-937,3550,-8400,539,29,-74,8622,1557,-2145
-941,3494,-7994,519,33,-62,8622,1557,-2145
-1005,3406,-8027,481,47,-50,7608,1789,-1719
-1224,3384,-8351,444,68,-33,7608,1789,-1719
-1441,3351,-8410,418,90,-26,6595,2710,-516
-1691,3355,-8476,380,115,-20,6088,3468,-698
-1925,3437,-8560,332,143,-25,6088,3468,-698
-2125,3398,-8683,251,171,-29,4061,4744,-455
-2259,3095,-8220,230,187,-39,3554,5995,-1305
-2261,2957,-8080,225,207,-54,3554,6337,-1636
-2128,3056,-8232,215,222,-69,3301,6959,-2081
-1998,3285,-8300,208,233,-77,3301,6959,-2081
-1826,3509,-8080,204,252,-83,3301,6959,-2081
-1742,3679,-8101,187,289,-88,3301,6959,-2081
-1646,3632,-7968,178,335,-93,3301,6959,-2081
-1513,3447,-7437,186,389,-102,3301,6959,-2081
-1550,3279,-7091,175,439,-116,2794,13285,-3430
-1525,3183,-6890,160,449,-127,2794,13285,-3430
-1703,3273,-6574,142,422,-138,2794,13285,-3430
-2031,3472,-6179,96,392,-143,2794,13285,-3430
-2392,3605,-5994,32,360,-134,513,10870,-3901
-2513,3943,-6078,-40,329,-116,-753,10067,-3453
-2648,4144,-6468,-124,295,-94,-2020,8485,-2652
-2746,4150,-7054,-174,263,-72,-3033,7920,-1811
-2876,4142,-7488,-173,228,-57,-3033,7017,-1469
-2898,4402,-8169,-140,192,-52,-2273,5660,-1617
-2732,5044,-9156,-94,162,-61,-1766,5162,-1568
-2750,5837,-10134,-41,115,-75,-753,3466,-2019
-2798,6509,-10990,51,21,-88,767,616,-2456
-2636,7183,-11207,171,-124,-100,767,616,-2456
-2203,7779,-11001,276,-300,-115,767,616,-2456
-1652,8314,-10652,323,-468,-140,767,616,-2456
-1277,8453,-10218,332,-576,-165,767,616,-2456
-1058,8228,-9308,346,-601,-195,5581,-18287,-5460
-1003,7804,-8332,342,-530,-231,5328,-15582,-6527
-953,7345,-7750,331,-402,-277,5328,-15582,-6527
-623,6984,-7298,334,-239,-315,5328,-7347,-8874
-246,6904,-7109,338,-60,-342,5328,-7347,-8874
87,6976,-7351,311,95,-364,4821,3264,-10425
76,6998,-7789,269,203,-375,4821,3264,-10425
7,7066,-8404,221,257,-371,4821,3264,-10425
74,7316,-8958,170,262,-349,2540,7957,-9687
11,7746,-9957,91,232,-299,1273,6986,-8351
-164,8187,-10812,26,180,-239,1273,6986,-8351
-460,8433,-11283,1,107,-182,6,2861,-4857
-755,8521,-11367,-11,25,-134,6,2861,-4857
-1091,8509,-11210,1,-18,-123,6,2861,-4857
-1574,8568,-11005,35,-21,-139,6,2861,-4857
-2394,8710,-10853,61,26,-177,767,923,-4942
-2900,8777,-10677,70,132,-213,767,923,-4942
-2822,8513,-10751,68,249,-244,767,923,-4942
-2617,7992,-11544,41,283,-269,767,923,-4942
-2591,7312,-12273,32,193,-275,513,5691,-7676
-2828,6789,-12458,-12,38,-259,513,5691,-7676
-3250,6599,-12880,-112,-106,-228,-2020,-2924,-6456
-3722,5792,-13009,-117,-253,-214,-2020,-7784,-5781
-4203,5306,-12324,-154,-399,-202,-2020,-7784,-5781
-4416,4847,-11580,-223,-482,-187,-3794,-14260,-5179
-4265,4666,-10744,-243,-522,-179,-3794,-14260,-5179
-3757,4701,-9701,-308,-528,-182,-5061,-15882,-5162
-3261,5083,-9099,-384,-495,-192,-6327,-14881,-5551
-2771,5458,-8779,-472,-469,-203,-6327,-14881,-5551
-2404,5632,-8347,-538,-423,-209,-6327,-14881,-5551
-1843,5611,-7751,-575,-359,-215,-6327,-14881,-5551
-1587,5755,-8095,-641,-297,-211,-10635,-8958,-5692
-1470,5714,-9664,-710,-259,-192,-11649,-7759,-5489
-2099,5675,-11113,-724,-257,-145,-11649,-7759,-5489
-2929,6091,-11830,-699,-304,-87,-11395,-9298,-2387
-3810,6830,-11976,-707,-385,-21,-11395,-9298,-2387
-4945,7675,-11501,-706,-481,53,-11649,-14230,1395
-6941,8476,-10191,-705,-601,115,-11649,-17960,3269
-8955,9697,-8746,-690,-679,145,-11649,-17960,3269
-9527,11603,-8773,-738,-635,127,-11649,-17960,3269
-9070,13322,-9269,-803,-496,82,-13169,-14780,2278
-8074,14847,-10605,-843,-408,45,-13169,-14780,2278
-7580,15999,-11099,-852,-406,5,-13169,-14780,2278
-7240,15999,-11121,-864,-411,-32,-13169,-14780,2278
-6685,15999,-10205,-926,-379,-56,-13169,-14780,2278
-6847,15999,-12236,-1043,-351,-58,-13169,-14780,2278
-4474,15999,-14103,-1148,-505,-46,-18744,-15290,-1020
-3421,15999,-13710,-1252,-541,53,-20518,-16084,1457
-3203,15742,-12679,-1361,-708,188,-22291,-21239,5530
-3857,15347,-7482,-1555,-969,307,-25332,-29438,8714
-5005,13628,-8427,-1615,-1261,388,-25332,-29438,8714
-5472,11650,-9128,-1513,-1423,448,-25332,-29438,8714
-5285,9623,-6744,-1338,-1299,526,-25332,-29438,8714
-3964,8792,-3011,-1230,-1039,596,-25332,-29438,8714
-1933,7824,-255,-1159,-752,648,-25332,-29438,8714
283,6847,2187,-1082,-510,669,-25332,-29438,8714
2199,6193,3007,-1017,-307,679,-16717,-9007,18911
4029,4166,1986,-967,-126,684,-15703,-4206,19160
5615,2792,11,-1059,5,716,-15703,-4206,19160
6429,222,-2058,-1086,115,784,-15703,-4206,19160
5789,-1988,-4843,-1014,206,867,-15703,-4206,19160
3968,-3634,-7744,-834,239,904,-13676,7339,25011
1439,-4548,-9185,-498,206,874,-8101,6168,24098
-1378,-4111,-8699,-170,118,799,-8101,6168,24098
-3775,-2812,-7515,115,5,681,1780,178,18922
-5550,-1490,-6904,366,-59,561,1780,178,18922
-6707,-490,-6779,596,-33,437,9636,-1324,12602
-7363,285,-5099,793,102,319,9636,-1324,12602
-7042,958,-4277,919,303,241,9636,-1324,12602
-5494,1281,-3843,989,554,199,9636,-1324,12602
-3443,1113,-3855,993,756,198,15970,22863,5409
-945,576,-3595,973,882,251,15717,26495,7182
1527,927,-3457,868,946,328,15717,26495,7182
3166,1152,-2609,849,797,376,13690,24178,10492
3546,2480,-2167,742,498,393,13690,24178,10492
2816,3568,-982,629,250,404,10142,7654,10928
1701,4718,-33,501,27,393,8115,524,11240
7,5412,583,267,-164,377,4314,-5136,10674
-2621,5054,-1074,25,-290,350,260,-8636,9788
-4123,3248,-2115,-192,-466,340,-3287,-13795,9227
-4421,1546,-2585,-328,-590,335,-3287,-13795,9227
-4898,771,-6236,-532,-432,324,-3287,-13795,9227
-6306,1033,-10609,-572,-183,293,-9368,-5480,7967
-5845,1138,-11763,-381,-92,256,-9368,-5480,7967
-3222,1849,-10941,-125,-169,217,-9368,-5480,7967
-1384,3490,-9896,162,-304,168,2540,-9239,4595
-261,6173,-7216,382,-312,143,2540,-9239,4595
1753,9707,-4667,346,-182,158,2540,-9239,4595
4546,12609,-4312,110,74,285,2540,-9239,4595
8439,13865,-2050,-112,367,460,2540,-9239,4595
12931,14697,917,-276,748,594,-4554,22280,16963
13990,15999,-1048,-380,971,495,-6327,29489,13616
9445,15999,-4603,-319,788,219,-6327,29489,13616
3931,15999,-8837,-465,502,23,-7594,15154,516
1125,15999,-14623,-606,455,45,-7594,15154,516
-1173,15999,-14935,-474,427,-28,-7848,12998,-705
-1328,15999,-14513,-420,646,-127,-7848,12998,-705
-886,15999,-13738,-456,901,-215,-7594,27194,-5811
394,15999,-12648,-538,1219,-333,-8861,-28567,-9580
2332,15999,-11824,-548,1548,-493,-8861,-28567,-9580
4222,15999,-12501,-491,1789,-605,-8861,-28567,-9580
5685,15328,-12683,-400,1724,-690,-6581,-13580,-19475
6492,12103,-9757,-266,1292,-708,-4554,-26474,-19750
4349,10894,-4419,-473,811,-631,-7848,24349,-17471
-708,10478,1210,-1004,793,-516,-16463,23888,-14480
-4740,7882,888,-1632,850,-358,-16463,23888,-14480
-7968,4033,-8005,-1888,673,-282,-30654,20309,-8233
-11320,-1115,-13972,-1633,333,-367,-26599,10103,-10320
-13839,-7179,-14601,-1117,-30,-560,-18237,-702,-15697
-13945,-11556,-11783,-480,-275,-776,-7848,-8349,-21664
-11691,-11136,-9966,143,-380,-910,-7848,-8349,-21664
-8638,-6007,-7720,592,-377,-923,9382,-11338,-25821
-5326,-1146,-8005,806,-384,-860,12930,-11488,-24267
-2042,2193,-9416,883,-448,-762,14197,-13399,-21245
289,4023,-9150,836,-502,-662,13436,-15290,-18392
2613,4392,-8583,699,-519,-610,13436,-15290,-18392
4437,2964,-4898,644,-396,-583,10396,-12110,-16295
4640,964,21,700,-103,-562,11156,-2918,-15555
4269,-980,4017,853,238,-524,13690,7360,-14719
2914,-648,6132,945,373,-457,15210,11071,-12701
1533,1175,8464,893,400,-355,15210,11071,-12701
244,3164,9972,723,451,-218,11663,13333,-5726
-1,4175,8046,473,397,-90,7608,11898,-2430
54,4042,3187,242,230,42,7608,11898,-2430
478,3185,-236,21,118,156,7608,11898,-2430
-734,1986,-4539,-193,68,226,-3287,2181,6268
-4023,2357,-11417,-392,-103,251,-6581,-2881,7148
-5109,3712,-16000,-633,-235,182,-6581,-2881,7148
-7974,3025,-16000,-499,-409,8,-8101,-12706,349
-14580,595,-9855,25,-577,-233,-8101,-12706,349
-16000,3941,-4201,520,-557,-397,8369,-16809,-11218
-14652,13050,-3279,564,-516,-346,9129,-15950,-9617
-12910,15999,-5625,262,-479,-190,4061,-14227,-5542
-11505,15999,-6582,-116,-722,-132,4061,-14227,-5542
-9054,15999,-9562,-354,-1050,-110,4061,-14227,-5542
-4244,15999,-9429,-491,-1221,23,4061,-14227,-5542
-2251,15999,-9445,-784,-947,152,-12916,-28349,4078
-3152,15999,-14708,-1042,-757,308,-16970,-22944,8513
-4919,15999,-16000,-752,-1116,374,-16970,-22944,8513
-7699,15999,-16000,-568,-1742,328,-9368,13082,9384
-9617,15999,-16000,-409,-2000,253,-6834,5656,6981
-8882,14294,-11896,-256,-2000,254,-6834,5656,6981
-7316,13802,-4130,-354,-2000,267,-5821,5424,7417
-4386,11855,1128,-452,-1816,252,-7341,10481,7296
-572,10109,4511,-558,-1340,307,-9115,25165,8387
3494,7945,5544,-996,-829,438,-16210,-25313,12626
8082,4912,2433,-1715,-382,636,-16210,-25313,12626
12900,-1980,-4324,-2000,-76,838,-32427,-2354,23167
15578,-11666,-11123,-1736,-62,1010,-28373,-1467,27929
13886,-16000,-12972,-1055,-138,1118,-17224,-4022,31052
8992,-15634,-11025,-249,-239,1042,-17224,-4022,31052
3722,-7660,-9300,297,-416,812,-17224,-4022,31052
531,-2373,-8251,648,-430,632,-17224,-4022,31052
-2519,1234,-9011,893,-177,500,14450,-5559,14252
-4828,3718,-8498,994,221,386,14450,-5559,14252
-6578,4457,-7185,1084,492,238,14450,-5559,14252
-8146,4728,-6492,1113,510,112,17998,15178,3342
-9884,4316,-4488,970,466,36,17998,15178,3342
-10361,3492,-1958,773,488,33,12423,14821,980
-8822,1980,-226,617,460,96,12423,14821,980
-6074,447,609,492,353,177,7862,10595,5080
-2685,183,1376,366,186,246,7862,10595,5080
1023,525,1837,322,37,281,7862,10595,5080
4525,1751,2703,352,24,306,7862,10595,5080
7337,4408,4539,270,118,283,4314,3439,8114
8837,7083,6015,60,262,273,767,7954,7753
9363,8255,5708,-221,409,289,-3794,12640,7957
8470,6917,-3583,-312,454,357,-3794,12640,7957
5037,5847,-9683,-384,187,365,-6327,5353,10459
671,8978,-2931,-1204,-261,448,-6327,5353,10459
-10269,6775,-16000,-1774,-87,552,-28880,-2628,15440
-16000,2988,-16000,-1192,770,691,-19504,23391,19332
-12384,-4146,-16000,-64,1137,825,-1260,-31236,23046
4949,-957,-6804,703,1869,584,11409,-9508,16423
7937,14326,-8132,1325,1999,20,21292,-5359,870
7039,15999,-10298,1605,1163,-306,21292,-5359,870
11990,15999,-5445,1451,919,-298,23319,27726,-8356
13314,15999,-2076,776,1408,-175,23319,27726,-8356
3783,15999,-3097,107,1165,-361,1527,-30288,-10205
1025,15999,-5660,-484,1130,-465,1527,-30288,-10205
3603,15999,-15353,-642,1201,-375,-10635,-29338,-10522
5000,15999,-16000,-753,1041,-347,-12409,31448,-9735
1267,13898,-10992,-1028,1109,-442,-12409,31448,-9735
-957,10160,-8777,-1272,1424,-474,-12409,31448,-9735
-687,5175,-3091,-1079,1555,-490,-12409,31448,-9735
-267,2234,5298,-968,1509,-478,-15703,-20330,-13249
-1087,1150,740,-1179,1298,-434,-15703,-20330,-13249
-4076,-572,-2708,-1375,762,-428,-22545,23060,-11874
-10666,-3197,-10119,-1601,305,-471,-22545,23060,-11874
-16000,-8720,-15023,-1343,12,-601,-22545,23060,-11874
-16000,-13603,-14685,-720,-77,-780,-22545,23060,-11874
-16000,-11619,-13808,-67,-110,-932,-1260,-3453,-25782
-11978,-4742,-10392,430,-198,-959,6848,-5848,-26924
-8541,-349,-8242,743,-233,-969,6848,-5848,-26924
-5091,1605,-7347,930,-215,-914,14957,-6320,-25650
-1843,3375,-6697,1058,-250,-822,14957,-6320,-25650
2156,4978,-4705,1037,-228,-684,16731,-6874,-19043
5449,6089,-1927,932,-48,-549,16731,-6874,-19043
8134,6337,730,751,163,-475,16731,-6874,-19043
8535,5919,1500,550,204,-483,16731,-6874,-19043
6210,4755,2392,331,146,-508,5328,4345,-14224
2382,3408,2613,145,130,-514,2287,3924,-14243
-949,1726,2480,67,161,-504,2287,3924,-14243
-3416,-277,2386,99,242,-482,2287,3924,-14243
-4531,-1744,3078,145,290,-423,2287,8617,-11949
-4169,-2673,3972,174,227,-317,2287,8617,-11949
-3054,-1986,4513,159,50,-176,2287,8617,-11949
-2671,-62,2779,-5,-230,-26,-246,-6762,-756
-3080,1945,1894,-242,-518,89,-246,-6762,-756
-4792,3427,388,-568,-807,162,-246,-6762,-756
-7134,4757,-3443,-880,-1035,148,-246,-6762,-756
-12375,3119,-6406,-816,-1305,62,-13423,26327,1936
-15570,4847,4927,-1067,-1335,-150,-13423,26327,1936
-15246,181,-7103,-893,-1163,-430,-13423,26327,1936
-1615,-25,-16000,520,-227,-304,-13423,26327,1936
-3738,15695,-16000,674,111,-103,-13423,26327,1936
-9376,15999,-12072,554,-803,-116,8875,-24257,-3246
-10042,15999,-2986,539,-1235,-197,8622,28107,-5275
-8869,15999,-2898,634,-1315,-156,8622,28107,-5275
-9060,15999,-2185,224,-971,-52,8622,28107,-5275
-10480,15999,-1957,-496,-867,277,8622,28107,-5275
-9736,15999,-5904,-977,-1140,566,8622,28107,-5275
-8257,15999,-15248,-936,-1474,694,8622,28107,-5275
-6953,15999,-15121,-734,-1588,756,-11902,17516,21081
-4263,9089,-6070,-941,-1556,943,-11902,17516,21081
-1982,4001,1714,-1192,-1463,996,-19504,21595,27629
158,-345,5775,-1844,-1271,936,-30147,27379,26017
2347,-4658,1970,-2000,-822,950,-30147,27379,26017
4111,-9968,-5345,-2000,-171,1055,-32427,-5178,29237
8076,-14677,-13408,-1719,235,1090,-28120,7523,30130
10482,-15726,-16000,-734,312,976,-12156,9414,27478
11904,-12437,-16000,72,47,816,-12156,9414,27478
11283,-7218,-12191,598,35,725,-12156,9414,27478
8236,-1833,-11316,1179,298,700,19011,9188,19235
5058,2361,-10000,1402,520,655,22559,15904,18039
1960,4863,-8250,1424,522,611,23066,15623,17209
-804,6296,-4607,1385,317,518,23066,15623,17209
-3787,6832,-1943,1279,189,447,23066,15623,17209
-7095,7792,-623,1018,201,444,23066,15623,17209
-8988,7988,441,705,274,483,11409,8069,13326
-9878,6818,451,430,367,554,11409,8069,13326
-9117,5554,1015,210,442,624,3301,13408,17149
-6802,3496,1335,7,486,660,3301,13408,17149
-4441,835,888,-109,420,617,3301,13408,17149
-2681,-2072,1154,-133,292,566,-2273,8689,16010
-1800,-4136,1623,-97,124,524,-2273,8689,16010
-1162,-4957,3818,-25,-28,463,-499,-774,12741
-1507,-3845,5642,-10,-85,391,-499,-774,12741
-1728,-1638,6507,-150,68,340,-499,-774,12741
-2205,85,5220,-355,352,322,-5821,10468,8961
414,-128,-2087,-368,513,368,-6074,15266,10424
3337,1837,-11759,-173,286,370,-6074,15266,10424
3267,2603,-12634,-302,-202,374,-5061,-5817,10057
8619,283,-4345,15,855,571,-5061,-5817,10057
-1791,6365,-16000,1114,1261,240,-5061,-5817,10057
-843,15999,-16000,1767,849,-286,-5061,-5817,10057
890,15999,-10896,1542,925,-427,-5061,-5817,10057
12855,15999,5449,308,1042,-352,4821,31420,-9714
15193,15999,6287,10,1351,-356,6,-24745,-9830
12894,15999,-1421,-239,1330,-737,6,-24745,-9830
9539,15999,-3246,-662,1195,-873,6,-24745,-9830
6201,15999,-14767,-1095,768,-572,-17984,23494,-16065
5835,15999,-8167,-1706,973,-367,-27866,29568,-10331
3894,15999,-1501,-2000,1730,-262,-27866,29568,-10331
3523,7880,-4271,-2000,1627,-237,-32427,-16572,-6914
1982,302,-2970,-2000,1640,-422,-32427,-16572,-6914
-488,-6738,-14591,-2000,1640,-508,-32427,-16572,-13979
-4894,-12734,-14966,-1607,686,-598,-26092,20307,-16610
-13894,-16000,-11914,-1032,194,-618,-26092,20307,-16610
-16000,-16000,-12267,-250,-15,-691,-4300,-7,-19624
-16000,-13289,-9933,372,64,-825,-4300,-7,-19624
-16000,-5546,-13710,1028,-110,-848,-4300,-7,-19624
-11417,74,-11714,1395,-351,-847,22559,-10679,-23788
-6636,3169,-11763,1552,-384,-815,25093,-11613,-22961
-2083,5349,-10599,1636,-327,-697,25093,-11613,-22961
1654,7197,-8800,1516,-267,-541,24586,-8454,-14877
4541,7453,-4521,1267,-151,-416,20532,-4656,-11661
6505,6703,-812,984,3,-347,20532,-4656,-11661
6144,5613,1544,703,67,-347,11409,1888,-9905
3601,3333,3324,528,9,-381,11409,1888,-9905
195,1292,5431,408,-109,-428,6595,-3240,-12208
-2669,-802,7277,296,-149,-437,6595,-3240,-12208
-3882,-2253,7859,252,-39,-426,6595,-3240,-12208
-3535,-2974,6109,226,41,-400,6595,-3240,-12208
-2457,-2619,5175,174,-38,-324,6595,-3240,-12208
-1302,-1976,7238,90,-106,-218,6595,-3240,-12208
-919,-589,5638,-156,-218,-131,-2780,-6613,-3492
-1900,1814,2162,-434,-410,-85,-7088,-12608,-2297
-6148,3384,-7558,-670,-718,-100,-7088,-12608,-2297
-11812,4994,-14664,-592,-1230,-176,-7088,-12608,-2297
-10724,8039,-6011,-708,-1179,-401,-7088,-12608,-2297
-3162,7476,2755,-902,-482,-734,-7088,-12608,-2297
2744,10759,-15164,-336,667,-638,-7088,-12608,-2297
-2931,15999,-16000,344,358,7,5581,10390,417
-8937,15999,-12937,-117,-711,-2,-2020,-21416,-224
-14679,15999,-1099,-242,-1037,-20,-4047,-31328,-610
-16000,15999,3789,-274,-1135,-61,-4554,31381,-1598
-15865,15999,6000,-539,-1279,90,-8861,27138,2234
-12560,15999,-1449,-569,-1520,144,-8861,27138,2234
-8326,15999,-9216,-928,-1885,64,-8861,27138,2234
-5353,15087,-10285,-825,-2000,165,-8861,27138,2234
-3726,8666,-5693,-915,-2000,288,-14943,5475,7853
-3318,5056,-1007,-1524,-2000,426,-14943,5475,7853
-449,1074,-4726,-1875,-1592,502,-14943,5475,7853
3796,-4166,-9306,-1891,-819,522,-14943,5475,7853
8615,-9871,-10080,-1601,-322,563,-14943,5475,7853
14205,-15169,-10542,-1078,-123,644,-14943,5475,7853
15999,-16000,-9169,-392,-140,693,-6581,-3832,19210
15058,-10333,-7644,355,-405,629,5581,-11876,17463
9013,-1693,-5712,825,-593,540,13183,-17493,14845
4625,3365,-5222,937,-689,461,13183,-17493,14845
33,6878,-8537,1027,-600,404,16477,-18013,11148
-4939,9560,-9330,947,-391,342,16477,-18013,11148
-8201,10816,-5699,717,-148,286,11409,-4270,8080
-9113,9873,-3767,434,133,261,6848,4147,7206
-7964,6677,-3939,258,292,239,6848,4147,7206
-6140,2212,-2847,237,295,255,3807,8573,7385
-3716,-1531,-964,275,314,313,4314,9725,8791
-371,-3925,542,343,405,390,5328,12231,10880
2777,-5080,1292,355,472,474,5328,12231,10880
5281,-5677,2375,303,480,577,4821,14328,16045
5833,-5835,2955,261,418,652,4821,14328,16045
5039,-5208,2869,227,340,683,3554,10137,19097
3441,-3337,2927,171,208,654,2540,6567,18037
1451,-328,5195,7,127,590,6,3987,16220
806,1287,3068,-98,207,533,-1766,6447,14944
2964,4208,-4876,248,198,455,3807,6072,12951
-3392,6994,-10011,-57,-128,184,-1006,-4086,5133
-13884,11425,-13101,-234,-538,226,-4047,-16024,6347
-16000,15257,-11462,-383,-531,354,-6327,-16261,10033
-5550,13666,-2447,643,593,625,10396,17519,17872
5173,15999,-1486,1610,1724,349,10396,17519,17872
10126,15999,-3039,585,1652,-191,9382,-15879,-5339
12533,15999,-4607,-137,1426,-328,-2273,-22595,-9457
15999,15999,10001,-476,1663,-449,-2273,-22595,-9457
15999,15999,9222,-133,1999,-447,-2273,-5538,-12218
13951,13716,-5578,-177,1596,-469,-2273,-5538,-12218
8880,13583,-12433,-614,908,-320,-10128,27615,-9086
1628,15999,1470,-1556,1767,-119,-10128,27615,-9086
238,10990,-785,-2000,1999,0,-10128,27615,-9086
1826,5181,-4818,-1934,1701,-139,-31414,-14599,-3541
-1921,-1683,-8371,-1939,1380,-349,-31667,-23682,-9868
-6322,-6533,-15814,-1436,1139,-388,-31667,-23682,-9868
-10365,-8613,-16000,-961,698,-470,-31667,-23682,-9868
-15929,-9261,-11765,-346,536,-543,-5821,16382,-15119
-16000,-6578,-7107,266,577,-628,4314,16978,-17478
-14876,-2203,-9673,611,507,-692,4314,16978,-17478
-11533,1958,-12720,924,340,-679,4314,16978,-17478
-8656,4273,-14869,1192,192,-630,19265,5804,-17747
-4988,5488,-13599,1378,68,-540,22305,2002,-15112
-1216,6398,-9929,1408,41,-414,22812,1015,-11499
1355,6736,-5695,1320,76,-307,22812,1015,-11499
2642,6417,-2582,1126,135,-244,18251,3810,-6686
2681,5427,-435,898,148,-235,18251,3810,-6686
1263,4320,1095,696,97,-264,11156,3082,-7316
-572,3037,1773,453,-9,-307,7355,-454,-8559
-2283,921,1505,238,-143,-345,3807,-4584,-9691
-3964,-1587,3201,202,-152,-365,3047,-4270,-10355
-4494,-3765,3630,150,-74,-377,2287,-2054,-10795
-4191,-5861,3902,200,-30,-373,3047,-553,-10437
-3996,-7132,5302,286,-28,-359,4568,-777,-9958
-4218,-7246,5222,371,-79,-308,5835,-2453,-8329
-3972,-5226,3175,360,-250,-235,5835,-7966,-6570
-3982,-1927,2056,235,-463,-135,3807,-14078,-3785
-4916,1177,1531,41,-701,-102,513,-20890,-3016
-8328,2476,-3248,-14,-1011,-89,513,-20890,-3016
-10781,7396,-1402,-295,-1032,-96,-4807,-31501,-2648
-8751,9533,91,-568,-440,-381,-9368,-13370,-10548
7369,11330,-16000,529,167,-706,-9368,-13370,-10548
8556,15999,-16000,812,234,-546,13183,7073,-15257
-3203,15999,-12451,74,-486,23,13183,7073,-15257
-16000,15999,3726,-425,-1257,5,13183,7073,-15257
-16000,15999,7121,-523,-1788,117,-8608,11631,3279
-16000,15999,14613,-634,-2000,277,-8608,11631,3279
-8937,15999,5068,-896,-1970,440,-14690,6029,12605
-5646,15999,-8935,-702,-1898,433,-11395,8125,12009
-4908,12716,-6455,-498,-1786,389,-11395,8125,12009
-5263,8685,-4341,-920,-1716,438,-14943,13795,12293
-6583,5074,-4837,-1528,-1602,507,-24825,17120,14158
-5558,-488,-6876,-1762,-1434,535,-24825,17120,14158
-2119,-3839,-11259,-2000,-808,655,-24825,17120,14158
4343,-9261,-14714,-2000,-464,615,-32427,-14124,17134
11308,-15380,-16000,-1503,-537,477,-24572,-16101,13345
15999,-16000,-14341,-343,-602,439,-5567,-18352,12406
15999,-13066,-12105,573,-714,424,9129,-21329,11910
13792,-7257,-8812,1357,-571,498,21799,-17018,13706
8443,-611,-9898,1835,-363,533,21799,-17018,13706
4031,4304,-9490,1999,-183,524,32188,-5180,14511
50,8906,-5875,1999,-87,427,32188,-5180,14511
-3433,12957,-908,1811,-32,313,32188,-5180,14511
-6273,14697,2035,1097,16,233,17744,590,6125
-7355,13072,302,483,103,256,17744,590,6125
-6867,9376,-1287,158,215,354,2540,6186,9948
-4890,5601,203,26,283,467,260,8787,12706
-2031,2886,2406,-153,365,530,260,8787,12706
806,830,2705,-348,401,570,260,8787,12706
2628,-1218,1562,-562,330,611,260,8787,12706
2835,-3769,605,-675,136,650,-11142,4115,18199
1453,-6554,-76,-649,-34,678,-11142,4115,18199
-669,-8544,613,-507,-62,686,-8355,-2102,19193
-2927,-9392,1427,-379,0,633,-6327,-139,17872
-4984,-9574,2542,-251,122,555,-4300,3718,15647
-5955,-8914,4951,-76,358,443,-4300,3718,15647
-1144,-7218,3822,135,756,329,2034,22929,9333
7470,-2191,-3992,534,1278,137,8622,-27293,3836
3943,3841,-16000,702,518,-101,8622,-27293,3836
7236,3162,-8121,983,293,158,15717,8906,4707
5056,10533,-6820,1999,1991,737,32188,-5275,20713
6158,15999,-16000,1999,820,474,32188,24951,13314
6117,15999,-5853,12,161,190,32188,24951,13314
-1822,15999,-9015,53,203,-885,32188,24951,13314
15999,15999,15999,246,1113,-1208,3807,-31736,31612
15999,15999,15999,-287,1999,-528,-4807,-5468,-14400
15318,15999,7570,-810,1999,-678,-13169,-5696,-18763
9308,15999,-15416,-1092,1837,-760,-13169,-5696,-18763
5654,10367,-14980,-1378,1657,-650,-13169,-5696,-18763
2265,1359,-2960,-1651,1410,-589,-13169,-5696,-18763
3302,-3171,-8714,-1689,701,-635,-13169,-5696,-18763
-1253,-5990,-16000,-2000,790,-640,-32427,23540,-17631
-10980,-11074,-16000,-2000,797,-450,-32427,23540,-17631
-16000,-16000,-16000,-985,578,-539,-16210,17861,-15259
-16000,-16000,-9791,25,280,-720,-16210,17861,-15259
-16000,-16000,-3314,906,276,-822,14703,8016,-22818
-16000,-7300,-4863,1796,210,-1030,14703,8016,-22818
-14078,-283,-5208,1999,157,-1018,14703,8016,-22818
-9574,5609,-7943,1999,160,-916,32188,5177,-25623
-4697,10132,-8828,1999,169,-746,32188,5177,-25623
1050,14781,-7408,1652,47,-555,26613,1760,-15699
6898,15999,-6087,1058,-108,-401,16984,-2951,-11308
9392,14675,-3820,616,-196,-336,16984,-2951,-11308
8675,9087,-234,354,-130,-311,16984,-2951,-11308
6017,3587,3021,204,-10,-328,16984,-2951,-11308
2910,-437,5816,-13,26,-304,16984,-2951,-11308
-433,-4005,7800,-243,47,-236,16984,-2951,-11308
-3150,-6511,7693,-399,37,-182,16984,-2951,-11308
-4958,-9429,5568,-460,8,-151,16984,-2951,-11308
-5542,-11841,3076,-329,-64,-128,-5567,-1916,-3543
-5226,-12589,1375,-150,-225,-97,-2527,-6896,-2803
-5130,-10294,2369,35,-437,-82,513,-13063,-2606
-5603,-6035,3773,70,-628,-95,1020,-19067,-2715
-9923,-1748,-2546,41,-960,-168,1020,-19067,-2715
-13587,4314,-917,-82,-1313,-257,1020,-19067,-2715
-13892,13193,9527,-875,-1214,-458,1020,-19067,-2715
3726,14654,2722,-804,-913,-804,1020,-19067,-2715
8339,15999,-16000,884,-544,-717,14197,-16196,-19999
-2058,15999,-11193,735,-304,-127,14197,-16196,-19999
-11855,15999,-1505,-843,68,385,-13929,2346,10643
-16000,15999,-8814,-1139,-361,677,-13929,2346,10643
-16000,15999,2269,-1623,-2000,634,-26346,5304,17452
-16000,15999,11978,-1284,-2000,436,-26346,5304,17452
-12427,15542,9324,-1133,-2000,327,-26346,5304,17452
-8273,7787,3775,-894,-1776,327,-26346,5304,17452
-5175,1230,1537,-824,-1528,398,-26346,5304,17452
-962,945,-7990,-1536,-1510,535,-26346,5304,17452
-44,-35,-16000,-2000,-933,664,-26346,5304,17452
1947,-3183,-16000,-2000,-443,740,-32427,-13653,20773
6626,-9033,-16000,-2000,-414,562,-32427,-13653,20773
12181,-15255,-16000,-1376,-524,311,-32427,-13653,20773
15999,-16000,-15867,-125,-577,265,-2273,-16960,7010
15681,-15259,-13843,1158,-539,338,-2273,-16960,7010
11337,-6513,-9988,1999,-246,263,-2273,-16960,7010
8085,2363,-2751,1999,-17,115,32188,-472,3430
3888,11994,-130,1999,-110,26,32188,-472,3430
-587,15999,1458,1749,-401,-39,28133,-11783,-1186
-5257,15999,4011,1038,-526,-18,28133,-11783,-1186
-8300,15999,5933,424,-356,133,6848,-10751,3568
-8484,12171,3625,-59,-6,356,-1006,-373,9864
-6908,6544,-3462,-359,68,552,-1006,-373,9864
-4402,796,-5519,-452,-120,651,-7341,-3759,18005
-1808,-4474,-2746,-404,-216,702,-7341,-3759,18005
748,-8046,-210,-382,-142,730,-7341,-3759,18005
2523,-10214,1343,-270,50,723,-7341,-3759,18005
3195,-11234,1705,-162,208,700,-2780,6412,19341
2646,-10955,861,-76,310,667,-1260,8989,18715
888,-9080,-1800,14,346,621,-1260,8989,18715
-1455,-6699,-2345,97,303,541,1527,9052,15019
-3738,-3814,-150,81,341,471,1273,9993,13462
-3259,-2988,-89,132,551,398,2034,16704,11023
3105,-892,-8410,750,983,290,12169,29204,8276
2039,7417,-12203,1093,968,-143,12169,29204,8276
-2363,9953,-10501,1147,479,-327,18504,14322,-8849
-3835,15999,3375,897,318,105,14450,9629,2779
5537,15999,3623,1242,812,1090,14450,9629,2779
12656,15999,1005,496,1009,635,7862,30506,17718
15999,15999,-6066,-581,905,-36,-9622,27213,-899
15931,15999,7828,-674,984,-309,-9622,27213,-899
15999,15999,15999,78,1999,-271,1273,-5718,-7419
15999,10789,8179,156,1999,-234,2540,-5735,-6110
8576,12671,-11265,40,1872,-246,513,-9229,-6621
839,12875,-8193,-818,1854,-302,-13423,-9692,-8431
-4240,9740,2757,-1505,1999,-238,-13423,-9692,-8431
-351,3570,-12835,-1906,1685,-221,-30907,-15154,-6156
-4324,-2513,-16000,-1949,914,-327,-30907,-15154,-6156
-12783,-8814,-16000,-1443,781,-371,-30907,-15154,-6156
-16000,-12158,-16000,-599,463,-497,-30907,-15154,-6156
-16000,-14742,-9021,344,370,-627,5581,10865,-17568
-16000,-9617,-5111,1352,443,-724,5581,10865,-17568
-10570,-1740,-6535,1813,184,-725,5581,10865,-17568
-8359,4718,-7417,1999,-34,-670,32188,-943,-18403
-6583,10355,-7783,1944,-117,-596,31428,-3560,-16801
-3533,15611,-6431,1492,-84,-531,31428,-3560,-16801
1291,15999,-1818,992,128,-444,31428,-3560,-16801
5333,15999,1242,587,317,-386,9382,9690,-10764
7132,12326,843,282,279,-379,9382,9690,-10764
6068,5992,-72,121,92,-370,9382,9690,-10764
3244,1433,541,-54,-157,-351,9382,9690,-10764
-220,-1451,1923,-287,-357,-336,9382,9690,-10764
-3792,-3480,2667,-519,-403,-321,-8608,-11893,-9072
-6556,-5287,3386,-523,-376,-324,-8608,-11893,-9072
-8097,-6726,978,-533,-312,-362,-8608,-11893,-9072
-7892,-8460,-1855,-416,-298,-379,-6834,-9243,-10526
-5511,-9841,-1265,-203,-216,-359,-3540,-6124,-9960
-2058,-9638,-912,-41,-165,-296,-3540,-6124,-9960
609,-8292,-1144,53,-262,-212,-3540,-6124,-9960
992,-5794,-1218,108,-456,-129,-3540,-6124,-9960
-1525,-3246,-2591,98,-729,-69,-3540,-6124,-9960
-9130,-1839,-9828,461,-1350,-44,-3540,-6124,-9960
-12441,9505,-1785,553,-1903,-43,8875,8300,-1228
-12007,15999,541,-235,-1016,-271,-4047,-30626,-7436
-6019,15999,-1978,260,-581,-938,-4047,-30626,-7436
-3505,15999,-4343,928,-532,-917,-4047,-30626,-7436
-6087,15999,-427,69,-209,-118,1020,-6394,-3231
-6267,15999,-4486,-482,-498,388,-7848,-15010,10507
-11662,15999,3445,-1440,-1626,257,-23558,16497,7388
-12341,15999,15999,-1212,-2000,128,-23558,16497,7388
-9150,15500,14240,-1016,-1914,128,-16717,8081,3696
-3652,10542,-2419,-1110,-1761,184,-18237,12782,4922
1187,4064,-5156,-845,-2000,264,-13929,5689,6981
2542,914,-384,-1096,-1898,502,-13929,5689,6981
1910,-285,-3111,-1304,-654,649,-13929,5689,6981
3148,-3363,-14539,-1173,203,669,-13929,5689,6981
6542,-6175,-16000,-1220,107,569,-13929,5689,6981
9851,-9363,-16000,-976,-457,397,-13929,5689,6981
11246,-12626,-14193,-296,-492,352,-4807,-15052,9805
8953,-10630,-12019,665,-318,327,-4807,-15052,9805
6302,-4505,-7539,1369,-199,207,-4807,-15052,9805
3408,3130,-2931,1413,19,70,-4807,-15052,9805
787,8931,-2492,1433,190,-13,23066,6008,-359
-2093,14308,-658,1432,122,-23,23066,6008,-359
-5322,15999,3300,1158,-130,20,23066,6008,-359
-8617,15999,6296,650,-230,89,10396,-6751,2282
-10367,15660,3300,99,-42,241,1527,-1252,6679
-8986,10488,-1330,-296,134,406,1527,-1252,6679
-5441,4523,-3630,-546,132,488,1527,-1252,6679
-1541,-1226,-4238,-644,50,520,-10635,1780,14506
1644,-6177,-3658,-623,-35,555,-10128,-1379,15578
3957,-10064,-2152,-584,-75,632,-9622,-2068,17538
5134,-12601,203,-490,63,684,-8101,2155,18794
5298,-13736,1244,-281,308,706,-8101,2155,18794
4757,-12490,-613,-32,532,687,-8101,2155,18794
3392,-9259,-2664,175,613,631,-8101,2155,18794
1253,-5205,-140,271,676,546,4314,20434,14952
3179,-3099,921,387,952,485,6088,28636,13952
5644,1414,-7964,1015,1373,358,16477,-24574,9982
1720,8164,-12443,1332,559,-6,16477,-24574,9982
-7619,15999,-13908,1099,-238,-216,16477,-24574,9982
-16000,15999,-11300,1521,197,-11,24586,5824,-160
-867,15999,15999,726,1873,518,24586,5824,-160
10757,15999,-4691,305,1583,423,4821,-17711,11922
12208,15999,-4386,-195,572,-218,-3287,17182,-5832
10390,15999,15999,-833,1280,-376,-13676,-27094,-10487
13265,15999,15999,-582,1999,-141,-13676,-27094,-10487
15999,13517,1121,-474,1999,-65,-7848,-5453,-1746
9904,12068,-4431,-801,1999,-114,-7848,-5453,-1746
3966,9890,1716,-1283,1999,-54,-7848,-5453,-1746
-916,2318,-4955,-1157,1664,73,-18997,-15195,1985
-951,-3140,-5550,-1237,686,124,-18997,-15195,1985
-5689,-4582,-7595,-1788,593,86,-18997,-15195,1985
-10005,-5396,-16000,-1896,882,46,-30907,26670,1516
-10583,-6003,-16000,-1207,920,-109,-30907,26670,1516
-13890,-7986,-16000,-453,622,-270,-30907,26670,1516
-16000,-8328,-14083,240,155,-457,3807,4426,-12666
-16000,-7554,-11298,1044,-210,-658,16731,-6184,-18523
-14925,-4238,-10599,1871,-434,-798,30161,-12822,-22612
-11929,740,-7630,1999,-560,-818,30161,-12822,-22612
-7056,6996,-3992,1999,-467,-752,32188,-13655,-21337
-2298,14679,-167,1999,-154,-652,32188,-13655,-21337
2787,15999,2929,1415,130,-489,22812,4042,-13796
6818,15999,279,625,208,-280,10142,6144,-7695
8386,15568,-2166,203,-1,-285,3301,-452,-7887
6416,8060,-1035,-48,-255,-316,-1006,-7593,-8884
2298,2478,2105,-218,-294,-311,-1006,-7593,-8884
-1367,-802,3361,-447,-143,-288,-7341,-4542,-7933
-3996,-3251,3707,-657,43,-257,-10889,1360,-7085
-5623,-5871,3466,-665,139,-262,-10889,3946,-7001
-5609,-8164,2464,-611,189,-276,-10128,6067,-7787
-3791,-10693,998,-475,193,-287,-7848,5909,-8126
-976,-12341,-501,-240,102,-259,-7848,5909,-8126
1328,-11498,-1437,-24,-75,-193,-7848,5909,-8126
1960,-9208,-2601,166,-323,-120,2540,-9566,-3371
-357,-5875,-3742,281,-595,-71,4314,-17892,-1793
-8330,-3720,-9890,639,-1198,-70,4314,-17892,-1793
-12455,1316,-8992,1180,-2000,-39,4314,-17892,-1793
-8625,15999,10859,480,-1263,-207,4314,-17892,-1793
-7953,15999,8644,-819,-329,-578,4314,-17892,-1793
-4701,15999,-3171,400,-417,-1079,4314,-17892,-1793
-1718,15999,-2935,819,-417,-655,4314,-17892,-1793
-7544,15999,-4578,-453,-346,386,-7594,-10359,10834
-10636,15999,-1576,-1530,-1281,397,-7594,-10359,10834
-16000,15999,12261,-1205,-2000,200,-19758,5663,5235
-14980,12851,15999,-544,-2000,97,-8861,5358,2617
-11253,9064,3093,-512,-1277,166,-8861,5358,2617
-2605,6158,-3492,-1083,-1184,269,-8861,5358,2617
3048,5542,-5140,-1536,-1866,391,-8861,5358,2617
1554,775,-9947,-1583,-1595,366,-25839,17337,10410
240,-5714,-12279,-1438,-651,487,-23558,-19339,13648
1798,-7591,-16000,-1552,-498,381,-25332,-14771,10526
5941,-12322,-16000,-1088,-822,158,-17730,-24779,4523
9904,-16000,-11505,-67,-823,114,-1260,-24632,3175
10021,-13011,-9199,844,-694,145,13690,-21160,4175
7751,-6617,-9248,1596,-543,73,25853,-16402,1844
6810,416,-5056,1999,-120,-27,32188,-3297,-753
4822,8960,-4466,1791,363,-41,28894,11146,-1191
2988,14615,-6560,1498,401,-7,28894,11146,-1191
-503,15999,-4279,1144,44,66,28894,11146,-1191
-4320,15730,1630,757,-395,121,28894,11146,-1191
-7089,11273,6636,376,-501,219,6088,-15503,6490
-7322,6265,5560,8,-248,359,6088,-15503,6490
-5919,1835,1634,-274,58,437,-4554,1601,12547
-3183,-2515,-1271,-333,217,475,-5567,6434,13500
52,-6253,-2265,-281,228,478,-4807,7045,13357
2203,-8849,-1310,-120,158,462,-4807,7045,13357
3029,-9212,435,26,120,441,-4807,7045,13357
2343,-7734,783,80,164,420,1273,4779,11577
923,-4986,289,126,278,389,2034,8060,10836
-673,-2228,-474,83,402,356,2034,8060,10836
-1972,-115,-271,-15,556,335,-246,16480,9440
-1992,-150,-421,-81,775,311,-246,16480,9440
4384,-2291,-5962,332,1054,325,-246,16480,9440
6916,5724,-13060,878,1254,104,-246,16480,9440
3628,9621,-9289,590,1267,-178,-246,16480,9440
-3785,15999,-7230,833,1214,54,-246,16480,9440
-4511,15999,445,972,-619,422,-246,16480,9440
5740,15999,8291,1210,385,824,19518,11518,22985
9644,15999,-5289,241,1023,274,3807,30828,7645
8759,15999,-3251,-695,1111,-199,3807,30828,7645
5906,15999,13460,-174,1736,-316,3807,30828,7645
11728,10027,11324,333,1999,-161,5328,-5595,-4364
12283,7031,-1558,401,1999,-113,5328,-5595,-4364
4900,11869,8033,-626,1720,-178,5328,-5595,-4364
171,9232,8994,-1522,1999,11,-24825,-5468,434
1863,2253,-10691,-1506,1999,171,-24572,-5470,4797
-558,-2070,-7060,-1600,1373,102,-24572,-5470,4797
-5476,-4976,-15734,-1747,1582,3,-28373,-17897,129
-8505,-9957,-16000,-1069,1218,-122,-17477,-29012,-3067
-15296,-13259,-16000,-104,599,-199,-1766,18023,-5498
-16000,-11400,-9765,855,246,-312,-1766,18023,-5498
-16000,-4716,-8720,1389,-3,-487,-1766,18023,-5498
-13458,1810,-9351,1696,-303,-575,27373,-9145,-15881
-10632,7757,-7783,1877,-439,-553,27373,-9145,-15881
-6750,14345,-2373,1573,-279,-504,27373,-9145,-15881
-1966,15999,-2410,894,44,-395,27373,-9145,-15881
3310,15999,-3224,455,82,-317,7355,2433,-9048
6003,14873,-1068,149,-11,-336,2287,-217,-9483
5312,7388,472,-83,-144,-302,2287,-217,-9483
3068,1197,1509,-218,-239,-257,2287,-217,-9483
460,-3158,2736,-340,-226,-229,2287,-217,-9483
-2396,-5677,3328,-426,-214,-198,-7088,-6269,-5559
-5226,-7052,2921,-406,-242,-200,-7088,-6269,-5559
-6144,-8226,1283,-341,-295,-253,-5567,-8869,-7371
-5773,-9837,990,-153,-335,-293,-2527,-10269,-8053
-4710,-10570,562,51,-267,-290,767,-8345,-7894
-2732,-9500,-960,168,-281,-267,2540,-8103,-7848
-685,-6566,-261,265,-440,-231,4061,-13195,-6192
-212,-3681,652,296,-638,-229,4061,-13195,-6192
-4482,-1164,-2300,280,-867,-226,4061,-13195,-6192
-11843,5392,-7140,604,-1482,-185,9636,21119,-5183
-4623,15999,6423,-347,-1086,-282,-5821,-32586,-8089
15353,15999,-1095,-676,932,-540,-11142,28112,-14976
7388,15999,-16000,971,427,-849,15717,12790,-23830
-1699,15999,-2533,661,-235,-283,15717,12790,-23830
-13380,15999,-990,-171,94,634,15717,12790,-23830
-16000,15999,-4111,-880,-455,533,-14436,-13815,15204
-16000,15999,9457,-855,-2000,296,-13929,5385,7853
-16000,15999,15999,-1126,-2000,123,-13929,5385,7853
-13626,15375,15999,-1404,-2000,-12,-13929,5385,7853
-7208,8400,572,-1066,-1765,33,-17477,12206,1303
2611,3906,-5814,-1135,-1866,168,-17477,12206,1303
5666,5371,-1591,-1454,-1387,309,-17477,12206,1303
2828,3212,-16000,-1487,-1122,215,-24319,32012,5738
2501,-2484,-16000,-1249,-974,205,-20264,-29640,5948
4021,-8375,-16000,-1155,-874,188,-18744,-26341,5239
6691,-14115,-10361,-526,-800,174,-8608,-24323,5131
7650,-15542,-6949,359,-754,131,-8608,-24323,5131
7550,-11339,-5253,1217,-675,74,-8608,-24323,5131
6515,-1726,-1986,1606,-381,25,25853,-11395,678
4796,7482,-2974,1413,53,-7,25853,-11395,678
2929,13404,-5935,1307,286,90,25853,-11395,678
515,15999,-5318,1063,239,218,17237,7093,5806
-1390,15999,-3029,741,62,338,11916,2109,9167
-3087,13150,537,498,-42,487,11916,2109,9167
-3662,9236,1515,146,-68,597,2287,-2184,16858
-3412,5050,273,-136,-43,668,-2273,-1298,18409
-2376,937,-91,-289,-9,683,-2273,-1298,18409
-1041,-2796,197,-335,16,661,-5567,726,18357
-56,-5230,-570,-372,55,617,-5567,726,18357
562,-7212,-898,-301,71,584,-5061,2227,16399
679,-7925,-244,-252,156,579,-5061,2227,16399
388,-7785,-1125,-128,291,560,-5061,2227,16399
-457,-7568,-1888,-9,476,549,-5061,2227,16399
-2230,-6412,-2482,65,575,526,-5061,2227,16399
-3964,-5285,-3175,87,542,481,-5061,2227,16399
-5851,-4251,-2388,84,368,409,-5061,2227,16399
-7427,-3773,-1044,57,227,315,-5061,2227,16399
-7617,-4039,-1552,76,168,236,-5061,2227,16399
1166,-2871,2697,438,468,167,7102,13695,4779
6435,4091,6240,861,1292,-103,7102,13695,4779
4166,7503,-13554,797,1149,-260,12930,-31140,-7156
5890,12017,-16000,1892,904,258,12930,-31140,-7156
4390,15999,6978,1746,-365,790,28133,-10926,22071
8294,15999,5121,570,405,1158,28133,-10926,22071
14691,15999,-5042,-171,652,311,-2780,19306,8627
14339,15999,5009,-518,929,-489,-2780,19306,8627
11142,15999,15999,-345,1999,-498,-5821,-5339,-13527
15999,11500,11996,-3,1999,-531,-246,-5380,-14836
14931,8177,2578,-285,1999,-562,-4807,-5396,-15272
6808,8585,15999,-1008,1832,-559,-16463,-10246,-15583
2283,4142,-4160,-1367,1657,-325,-16463,-10246,-15583
1189,1251,-16000,-1711,1066,-104,-16463,-10246,-15583
-4529,-2859,-16000,-2000,1061,-99,-32427,31544,-2653
-9787,-8189,-16000,-1572,831,-95,-32427,31544,-2653
-14447,-13775,-16000,-605,419,-175,-32427,31544,-2653
-16000,-14039,-9779,516,218,-307,-32427,31544,-2653
-16000,-11062,-7013,1379,153,-540,22305,4367,-14913
-16000,-4710,-11183,1999,-104,-689,32188,-2826,-19501
-13261,765,-13294,1999,-471,-677,32188,-14126,-18833
-10582,6828,-10216,1999,-780,-624,32188,-23071,-17423
-7087,13482,-671,1999,-754,-627,32188,-22600,-17582
-2318,15999,6574,1753,-387,-585,32188,-22600,-17582
2736,15999,3769,753,-6,-356,12169,-353,-9769
5857,15999,-1994,201,-148,-309,12169,-353,-9769
6486,12365,-2851,-110,-409,-413,-2020,-12268,-11439
4746,5062,-900,-338,-414,-457,-2020,-12268,-11439
1960,425,1341,-619,-269,-436,-10128,-8294,-11877
-15,-2791,1896,-894,-53,-409,-14690,-1519,-11518
-1847,-5101,330,-999,45,-391,-16210,971,-10948
-3421,-8966,-1500,-994,-18,-413,-16210,971,-10948
-4826,-12130,-1525,-765,-252,-419,-12409,-7985,-11409
-5703,-14281,-2093,-522,-464,-406,-12409,-7985,-11409
-5353,-14556,-423,-138,-613,-362,-12409,-7985,-11409
-3513,-11867,-27,141,-641,-314,-12409,-7985,-11409
-3742,-8365,-2527,364,-710,-279,5835,-21491,-7615
-9970,-4539,-8437,924,-1413,-264,5835,-21491,-7615
-11029,1287,-597,1448,-1887,-169,23319,8914,-4707
-9878,15999,8472,135,-586,-338,2034,-17574,-9401
4435,15999,-12333,1074,-52,-529,17237,-1508,-14548
9451,15999,-5359,1041,784,-464,17237,-1508,-14548
-394,15999,-7980,353,67,91,17237,-1508,-14548
-5851,15999,-5457,-428,-1210,265,-7088,29097,7649
-15193,15999,5242,-1210,-2000,373,-19758,5521,10035
-12292,15999,15999,-1397,-2000,372,-22798,5536,10035
-11369,15999,15999,-530,-1699,413,-22798,5536,10035
-7398,12771,-3228,-601,-923,365,-22798,5536,10035
-2398,6300,-2835,-573,-783,419,-9368,-23886,11707
-427,4669,197,-1210,-695,437,-19758,-20925,12423
548,773,-15970,-1641,-952,330,-26853,-28272,9167
-1009,-3494,-16000,-1658,-806,422,-27106,-24081,11952
-1257,-5332,-16000,-1878,-786,460,-27106,-24081,11952
595,-10238,-16000,-1639,-837,334,-27106,-24081,11952
4005,-14642,-11892,-768,-679,225,-12662,-20340,6323
7314,-16000,-10650,360,-456,79,5835,-14098,2524
8044,-14710,-11728,1621,-275,78,26106,-8121,2353
7142,-6771,-11636,1999,-106,32,26106,-8121,2353
6830,1302,-4792,1999,146,-105,26106,-8121,2353
4769,11117,-1232,1999,315,-163,32188,9885,-4707
3333,15999,-1126,1760,206,-74,32188,9885,-4707
636,15999,2064,1135,51,131,32188,9885,-4707
-2507,15544,4468,492,27,340,7862,709,9483
-3800,9742,2960,-39,250,591,-753,7755,16154
-3589,4796,576,-302,473,747,-5061,14438,20640
-2226,1236,-1314,-379,542,788,-6327,16345,22141
-1183,-1519,-1412,-377,487,756,-6327,14988,21040
-1107,-3978,419,-316,494,681,-6327,14988,21040
-1494,-5158,3054,-226,461,581,-3794,13877,16384
-1671,-4791,4550,-250,322,462,-3794,13877,16384
-2695,-3646,5000,-289,196,330,-4807,5881,9420
-4869,-2410,3984,-421,312,235,-4807,5881,9420
-6007,-1896,1070,-522,527,173,-4807,5881,9420
-5480,-1908,-1892,-598,686,136,-9875,20562,3899
-3861,-3304,-1917,-590,785,123,-9875,20562,3899
3199,-6996,-3927,23,892,214,260,27086,5728
10625,-171,-10683,807,1011,69,260,27086,5728
13222,3939,-16000,720,973,-47,260,27086,5728
12064,10871,-3265,1208,1805,438,19518,-11237,12447
8787,15999,5021,577,365,1235,19518,-11237,12447
13001,15999,-5210,957,-352,1240,15464,-10710,-30885
5714,15999,-621,137,190,264,2034,6026,7051
8744,15999,5751,-188,902,-365,-3287,27264,-10141
6373,15999,15999,-422,1847,-218,-3287,27264,-10141
9496,8269,12505,522,1999,-314,-3287,27264,-10141
9609,6955,-6402,52,1999,-169,-3287,27264,-10141
5523,7667,11408,-589,1999,-284,-9622,-5622,-7855
-2330,6498,1353,-1190,1999,-136,-19504,-5376,-3492
-2136,2132,-12646,-1353,968,-63,-22038,28892,-1758
-9603,435,-6582,-2000,733,-172,-32427,21657,-4813
-15583,-2933,-16000,-2000,1138,-150,-32427,21657,-4813
-16000,-10320,-16000,-1524,851,-233,-32427,21657,-4813
-16000,-16000,-16000,-354,182,-379,-32427,21657,-4813
-16000,-16000,-10486,842,65,-495,13436,2311,-13865
-12187,-9451,-11574,1640,-115,-609,13436,2311,-13865
-8957,-2402,-11150,1999,-216,-573,32188,-6122,-16070
-5138,3292,-9593,1999,-165,-487,32188,-4709,-13783
-669,8753,-9279,1999,13,-398,32188,-4709,-13783
5164,15999,4429,1753,319,-347,28387,9520,-9830
8072,15999,-1822,363,723,-137,28387,9520,-9830
9542,15999,-3792,35,401,-112,28387,9520,-9830
6617,13164,-394,-373,-149,-267,28387,9520,-9830
2035,6207,2695,-654,-459,-383,28387,9520,-9830
-2751,-814,4187,-886,-476,-399,-14436,-14479,-11129
-6275,-4646,2265,-1226,-360,-415,-14436,-14479,-11129
-7984,-8576,-2417,-1312,-351,-455,-14436,-14479,-11129
-7906,-12878,-2830,-924,-518,-506,-14436,-14479,-11129
-6554,-15714,-1835,-401,-707,-522,-14436,-14479,-11129
-4169,-15447,-525,104,-882,-476,1527,-26499,-13301
-1835,-12107,2187,508,-983,-393,1527,-26499,-13301
-957,-7625,4230,735,-1051,-333,11916,-31980,-9280
-3589,-4060,-1517,902,-1369,-301,14450,24475,-8578
-6611,1666,-13015,1219,-2000,-220,14450,24475,-8578
-7216,14015,-3347,708,-1876,-107,14450,24475,-8578
574,15999,6144,-118,-839,-286,-2020,-25241,-8174
7695,15999,-4791,447,-102,-503,-2020,-25241,-8174
5921,15999,-2505,1044,-46,-433,16731,-1009,-12213
-2140,15999,4732,-335,13,192,16731,-1009,-12213
-9535,15999,-6568,-1582,-303,448,-25839,-9077,12469
-13984,15999,-916,-1378,-1488,105,-25839,-9077,12469
-15882,15999,10607,-929,-2000,-69,-25839,-9077,12469
-13980,13085,10779,-722,-2000,-147,-25839,-9077,12469
-9949,9076,4201,-688,-1816,-134,-25839,-9077,12469
-5615,5068,1023,-888,-1880,-21,-14436,8648,-576
-2423,5375,-2148,-1663,-1871,141,-27106,9279,4017
-3507,2363,-9791,-1818,-1144,206,-29640,30976,5999
-2291,-2933,-16000,-1584,-693,200,-25839,-20903,5513
2570,-7546,-16000,-1391,-863,50,-22798,-25911,1637
9031,-11119,-16000,-893,-1207,-44,-14690,29183,-983
12904,-12730,-11931,34,-1061,-45,-14690,29183,-983
13177,-10175,-7703,868,-755,-60,-14690,29183,-983
10792,-2462,-3119,1298,-419,-136,21038,-12651,-3868
7884,5234,-5134,1253,-86,-198,21038,-12651,-3868
5625,9656,-6000,1316,169,-202,21038,-12651,-3868
2638,12431,-3701,1254,276,-174,21038,-12651,-3868
-439,12927,-1083,915,233,-104,14703,6863,-2636
-3259,10054,2214,634,134,18,10142,4038,710
-4826,5792,5316,402,78,153,10142,4038,710
-4830,1765,4876,104,153,261,10142,4038,710
-2806,-1025,1683,-103,347,361,10142,4038,710
121,-2777,-1748,-257,493,424,10142,4038,710
2542,-4455,-2689,-314,503,472,-5314,15468,13198
4197,-4878,-2513,-297,429,496,-5061,13149,13747
4654,-4847,-1724,-320,416,527,-5061,13149,13747
3830,-4734,-1628,-314,470,563,-5314,14539,15763
2804,-4640,-2484,-272,562,586,-5314,14539,15763
603,-3898,-2773,-265,687,564,-4300,20715,15714
-1554,-2892,-828,-195,869,508,-4300,20715,15714
1304,-3470,-748,98,1198,455,1527,-29615,12955
7082,437,-7240,896,1581,300,1527,-29615,12955
3509,10052,-4482,516,1226,-35,8369,-28786,-1102
-4650,15999,-1544,78,201,-55,1273,5649,-1354
-16000,15999,-16000,1417,-124,471,1273,5649,-1354
-4689,15999,2853,1776,628,654,1273,5649,-1354
11871,15999,3033,183,1845,539,1273,5649,-1354
15999,15999,-619,-654,1020,-121,-10635,30650,-3354
9320,15999,7605,-667,1145,-437,-10635,30650,-3354
6335,11787,15999,309,1959,-389,4821,-6310,-10723
11685,6431,12880,455,1999,-114,7355,-5679,-3055
11623,6312,-2775,311,1999,29,4821,-5310,870
4625,8146,1494,-264,1999,-49,-4300,-5720,-1310
-3080,8087,4037,-880,1788,-50,-14436,-11548,-1554
-3355,4222,-7529,-1129,1514,44,-18491,-20004,1281
-7601,740,-12705,-1571,1487,36,-18491,-20004,1281
-10707,-4574,-16000,-1678,1397,-40,-27359,-23375,-1126
-14171,-10251,-16000,-1061,802,-172,-27359,-23375,-1126
-16000,-14634,-12585,-114,138,-291,-2020,4075,-7904
-16000,-11835,-7310,547,-18,-571,-2020,4075,-7904
-16000,-5773,-8503,1171,-231,-844,18758,-6602,-23922
-10914,-408,-8083,1649,-341,-934,18758,-6602,-23922
-6560,4996,-8466,1946,-424,-917,18758,-6602,-23922
-2119,9568,-7322,1999,-481,-843,32188,-14126,-23477
1427,15072,-2580,1651,-412,-716,26613,-12384,-19821
5230,15999,2888,884,-15,-466,14197,-658,-12658
8226,15999,-1701,243,243,-252,14197,-658,-12658
8351,10148,-3216,7,124,-178,14197,-658,-12658
5935,4818,-1705,-122,-148,-172,-2020,-4617,-5005
2097,785,1777,-301,-376,-207,-5061,-11431,-5719
-2832,-2001,4023,-603,-460,-233,-9875,-13951,-6323
-6921,-4916,3216,-848,-462,-241,-13929,-13807,-6795
-9125,-7703,1078,-905,-432,-265,-14690,-13162,-7284